"","X","id","vf1","vf2"
"1","a",1,0.344352339394391,0.804634997621179
"2","b",2,0.95760113815777,0.595027968753129
"3","c",3,0.163969764718786,0.840951395919546
"4","d",4,0.593255291692913,0.786101812263951
"5","e",5,0.00118867331184447,0.498563444241881
"6","f",6,0.206506710965186,0.760398849379271
